user,ngo_name,contact_number,email,address,state,logo
100,"Aadeeyoga Foundation, Mumbai",91-93222 95161,raksha131@gmail.com,"427/429, SVP Road, Prarthana Samaj, Charni Road
Mumbai",Maharashtra,
101,"Aadhar Charitable Trust, Mumbai",91-98204 81442,aadhat.trust@yahoo.com,"Mumbai
Mumbai",Maharashtra,
102,"AAI Caretaker, Mumbai","91-98216 24480, 91-98216 24480",aaicaretaker@email.com,"B-4, Ashok Nagar, Vasinaka, Chembur
Mumbai",Maharashtra,
103,"AAS – Aapulaki Sangh, Mumbai",91-99206 89126,aapulaki_sangh@yahoo.com,"4, Gandhi Nagar, Kajupada
Mumbai",Maharashtra,
104,"Aastha Foundation, Mumbai",91-99691 55499,ams_mmt@yahoo.com,"5, 1st Floor, 21-23, Mumbadevi Mansion
Mumbai",Maharashtra,
105,"Aastha Pratisthan, Mumbai","91-99670 23902, 91-98926 32244",aasthapratisthan@yahoo.com,"204, Astavinayaka Co-Operative Housing Society, Rock line, MMRDA Colony, Vashi Naka, Chembur
Mumbai",Maharashtra,
106,"Aavhaan Pratishthan, Mumbai",91-98926 33626,jai.kate@rediffmail.com,"AL-5/3/12, Suyog Apt, Sector 5, Airoli
Mumbai",Maharashtra,
107,"Abhas Sanskar Kendra, Mumbai",,,"11 Eagle Nest, Jai Shankar Nagar, Duckline Tulsipada, Bhandup (W)
Mumbai",Maharashtra,
108,"Abhijeet Mitra Mandal, Mumbai","91-90298 99088 , 91-97736 17648",abhikamble09@gmail.com,"Nutan Chs 372 Room 9, Sector 3 Charkop Kandivili (W)
Mumbai",Maharashtra,
109,"Abhilasha Foundation, Mumbai",98678 27286,project@abhilasha-foundation.org,"Divya Vaishnavi Chs, 22, 1, Rsc 1 & 2, Opp. Reliance Energy, Borivali, Gorai-3
Mumbai
Maharashtra
400091",Maharashtra,
110,"Abundant Life Ministries, Mumbai",,alm@vsnl.com,"27/A Chapel Road, BAndhra West
Mumbai",Maharashtra,
111,"Academy for Mobilising Urban Rural Action through Education, Mumbai",,amrae@bol.net.in,"17 Fatimabai Building, Marine Street, Dhobi Talao
Mumbai",Maharashtra,
112,"ACASH, Mumbai",,acashorg@vsnl.com,"2nd Floor, 417 S V P Road, Girgaum
Mumbai",Maharashtra,
113,"Acil Navasarjan Rural Development Foundation, Mahim",,anardefoundation@vsnl.net,"409 New Udyog Mandir, No 2 Moghul lane
Mahim (West)",Maharashtra,
114,"Acorn Foundation, Mumbai",,dharaviproject@gmail.com,"49/2359, BAndhra Shri Sai Kripa Society, 2nd Floor, Opp M.I.G Club, Gandhinagar
Mumbai",Maharashtra,
115,"Action for Good Governance and Networking in India, Mumbai",,agni@bom8.vsnl.net.in,"Peacock Palace Ground Floor, 69 Bhulabhai Desai Road, Breach Candy
Mumbai",Maharashtra,
116,"Acworth Municipal Hospital for Leprosy, Mumbai",,acworth_leprosy_hosp@hotmail.com,"Major Parmeshwaran Road, Wadala
Mumbai",Maharashtra,
117,"Adarsh Foundation, Mumbai",99876 48294,sujatasawant77@gmail.com,"Bazme Furkan Madarsa, 68, Bermacell Railway Line, Umarwadi Road, Kurla
Mumbai
Maharashtra
400070",Maharashtra,
118,"Aditya Foundation, Mumbai",,shilpkala9@gmail.com,"98, Deepak Drm.B.Raut Rd, Shivajipark, Dadar
Mumbai",Maharashtra,
119,"Adnyan Research & Educational Trust, Mumbai",91-99675 37639,adnyan@hotmail.com,"2/3, Sant Nirankari Bhavan, Naigoan, Dadar East
Mumbai",Maharashtra,
120,"AICUF – All India Catholic University Federation, Mumbai",,aicufmumbai@gmail.com,"St. Xaviers College, Fort
Mumbai",Maharashtra,
121,"AIESEC, Mumbai",91-98987 98814,gaurav.julka@aiesec.net,"C/O Godrej Industried Ltd. Gate 2, Eastern Express Highway Vikhroli East
Mumbai",Maharashtra,
122,"Akanksha Foundation, Mumbai",,hr@akanksha.org,"Voltas House C, T.B. Kadam Marg, Chinchpokli
Mumbai",Maharashtra,
123,"AKANKSHAA, Navi Mumbai","91-99699 49208, 91-99679 74391",akankshaa@akankshaa.org,"B2/01 Nilgiri Gardens, Sector 24 CBD Belapur
Navi Mumbai",Maharashtra,
124,"Akshara – A women’s Resource Centre, Mumbai",,aksharacentre@vsnl.com,"501, Neelambari, 5th Floor, Road no 86, Opp. Portuguese Church
Mumbai",Maharashtra,
125,"Akshata Foundation, Mumbai","91-98191 12715, 91-092212 59002",akshata_foundation@yahoo.com,"Balwadi Datta, Mandir Road
Mumbai",Maharashtra,
126,"Al Birr Foundation, Mumbai","99209 55597, 97022 08451",albirr.foundation@gmail.com,"1, Vanjara Mansion, Gunpowder Road, Mazgaon, Dockyard Road
Mumbai
Maharashtra
400010",Maharashtra,
127,"Ali Yavar Jung national Institute for the Hearing handicapped, Mumbai",,director@giasbom01.vsnl.net.in,"K C Marg BAndhra Reclamation, BAndhra (West)
Mumbai",Maharashtra,
128,"Anathpindak Seva Sangha, Mumbai",,hemantbanale@gmail.com,"Torne Chawal Tembipada, Mumbai
Mumbai",Maharashtra,
129,"Andhra Karnataka Dalita Varga Sangha, Mumbai",,akdvsmumbai@yahoo.co.in,"BMC Chawl No.140/9, Near Periyar Chowk
Mumbai",Maharashtra,
130,"Ankur Pratishthan, Mumbai","91-98698 66814, 91-98693 78827",ngoankur@gmail.com,"16, Shivaji Park house, L.J.Road, Mahim
Mumbai",Maharashtra,
131,"Anmol Seva Samiti, Mumbai",93235 51961,gopinathkhanvilkar@gmail.com,"2/37, J.S.S. Rd, Dhobitalao, Navjivanwadi
Mumbai
Maharashtra
400002",Maharashtra,
132,"Annamrita – Iskcon Food Relief Foundation, Mumbai",,pratima@annamrita.org,"19, Jaywant Industrial Estate, 63, Tardeo Road
Mumbai
Maharashtra
400034",Maharashtra,
133,"Annapurna Mahila Mandal, Mumbai",,ammd@vsnl.net,"Block No. 10, Nauhit Bldg. 3rd Floor, 125 Ram Maruti Road Dadar (W)
Mumbai",Maharashtra,
134,"Apang Utkarsh Seva Sanstha, Navi Mumbai",91-98698 29144,apangutkarsh@gmail.com,"402, Shubhkiran, C.H.S. Ltd. 2 Sector 42
Navi Mumbai",Maharashtra,
135,"APNALAYA, Mumbai",,director@apnalaya.org,"75, Bhulabhai Desai Road
Mumbai",Maharashtra,
136,"Archana Trust Suburban, Mumbai",,dpgawai@yahoo.com,"81, Laspalmas, Little Gibbs Road, Malbar Hill
Mumbai",Maharashtra,
137,"Artivist, Mumbai",91-98925 00336,rishide@gmail.com,"B-4, Abhishek
Mumbai",Maharashtra,
138,"Aseema Charitable Trust, Mumbai",,contact@aseema.org,"G – 3, Josephine Apartments, Chimbai Road, BAndhra
Mumbai",Maharashtra,
139,"Ashley Hypogammaglobulinemia Foundation Trust, Mumbai",91-98199 50473,ashleyhopeindia@gmail.com,"3, Melinda Villa, Tony Compound, Sahar Village, Andheri East
Mumbai",Maharashtra,
140,"Asiad Foundation Trust, Mumbai",91-99674 28786,help@asiadfoundation.com,"8, 3rd Floor, Bhawani Industrial Services Estate, Opp. I.I.T. Maingate, Powai
Mumbai",Maharashtra,
141,"Association for Consumers Action on Safety & Health, Mumbai",,acash.india@gmail.com,"Servants of India Society, 2nd Floor, 417 SVP Road, Girgaum
Mumbai",Maharashtra,
142,"Association for Leprosy Education, Rehabilitation & Treatment-India, Mumbai",,byelep@iname.com,"9, B Mira Mension, Sion West
Mumbai",Maharashtra,
143,"Association for the Welfare of Persons with a Mental Handicap in Maharashtra, Mumbai",,awmh@vsnl.net,"Turner Morrison House (Basement), 16, Bank Street
Mumbai",Maharashtra,
144,"Association of Rural People for Health & Educational Needs, Navi Mumbai",,arph123@rediffmail.com,"C5-24, 3:4, Sector-5, C B D
Navi Mumbai",Maharashtra,
145,"Association of Youth for a Better India, Mumbai",,aybi@vsnl.com,"213, Oyster’s, 74/76 Mahendra Chambers, Dr D N Road
Mumbai",Maharashtra,
146,"Astitva Foundation, Mumbai",91-93240 28117,a_astitva@yahoo.co.in,"Laxmi Wadi, New Shyam Nagar, Near Kokan Nagar Garden, Jogeshwari – East
Mumbai",Maharashtra,
147,"Aured Charitable Trust, Mumbai",,aured@vsnl.net,"Anand Niketan, King George V Memorial, Dr. E. Moses Rd.
Mumbai",Maharashtra,
148,"Aurobindo Chaudhuri Memorial Great Indian Dream Foundation, Mumbai",,sunita.c@gidf.org,"23, Sangeeta Building, Level 4, Tagore Rd, Near Podar School
Mumbai",Maharashtra,
149,"Avehi Public Charitable Trust, Mumbai",,aavrc@vsnl.com,"Raoli Camp, S.M. Road, Sardar Nagar, No 4, Sion-Koliwada
Mumbai",Maharashtra,
150,"Avert Society, Mumbai",,k_vaidy@vsnl.net,"Mr K Vaidyanathan, Project Director, AC Worth Complex, RA Lidwai Marg Wadala
Mumbai",Maharashtra,
151,"BACHATSAGAR, Mumbai",91-90299 56626,bachatsagar@gmail.com,"21, Sainath Chawl, Ganesh Mandal, Sanjay Nagar, Meghawadi, Jogeshwari
Mumbai",Maharashtra,
152,"Ballal Siddhi Foundation Trust, Mumbai",91-98207 39897,amol76@rediffmail.com,"9/A- 34 New Sagar Darshan, Jankalyan Nagar, Mareve Road, Malad (West)
Mumbai",Maharashtra,
153,"Bapnu Ghar, Mumbai",,nkapte@hotmail.com,"12, Annie Besant Road, Worli
Mumbai",Maharashtra,
154,"BARSAAT, Mumbai",91-76664 80138,yashhisaria@rediffmail.com,"B-1, B Wing, 501, Valentine Apt 3, Film City Road, Malad (East)
Mumbai",Maharashtra,
155,"Bharatiya Sindhu Sabha, Mumbai",91-9869223484,bssmumbai@hotmail.com,"581/6 Harsha Chs Ltd., 3rd Road, Khar (W)
Mumbai",Maharashtra,
156,"Blind Peoples Welfare Association, Mumbai",91-93221 82674,bpwa.miraroad@gmail.com,"101, Alfateh Apt., Behind Corporation Bank, Thane
Mumbai",Maharashtra,
157,"Bolo Shree, Mumbai",91-9969 01524,venkycommunity.2008@rediffmail.com,"191, Powai Plaza, Hiranandani Gardens, Powai
Mumbai",Maharashtra,
158,"Bombay Leprosy Project, Mumbai",,bomlep@bom5.vsnl.net.in,"Vidnyan Bhavan, 11 VN Purva Marg, Sion-Chunabhatti
Mumbai",Maharashtra,
159,"Bombay Mothers and Children Welfare Society, Mumbai",,bmcws@vsnl.net,"10, BDD Chawls, N.M. Joshi Marg, Lower Parel
Mumbai",Maharashtra,
160,"Bombay Teen Challenge, Khar",,btc@vsnl.com,"Bombay Teen Challenge, 1 Chuim Village, 1st Floor
Khar ( West )",Maharashtra,
161,"Bombay Urban Industrial League for Development, Mumbai",,build@bom5.vsnl.net.in,"11, Sujata Niwas Housing Society, S V Road, BAndhra (West)
Mumbai",Maharashtra,
162,"Business Trading Ethically , Mumbai",,Girish@bte.org.uk,"A-15 Flat 2, Goregoan (W)
Mumbai",Maharashtra,
163,"C C Shroff Self Help Centre, Mumbai",,,"Excel Estate, Goregaum West
Mumbai",Maharashtra,
164,"Cancer Aid and Research Foundation, Mumbai",,cancerarfoundation@yahoo.com,"Byculla Municipal School Building, N. M. Joshi Marg
Mumbai",Maharashtra,
165,"Cancer Patients Aid Association, Mumbai",,shubhamaudgal@cpaaindia.org,"Anand Niketan, King George V Memorial, Dr E Moses Road Mahalaxmi
Mumbai",Maharashtra,
166,"CEHAT – Centre for Enquiry into Health & Allied Themes, Mumbai",,cehat@vsnl.com,"Cehat Survey No.2804 & 2805 Aaram Society Road, Vakola, Santacruz (E)
Mumbai",Maharashtra,
167,"Centre for Advancement of Philanthropy, Mumbai",,centphil@bom7.vsnl.net.in,"Mulla House, 4th Floor
Mumbai",Maharashtra,
168,"Centre for Enquiry into Health & Allied Themes, Mumbai",,cehat@vsnl.com,"2nd Floor, BMC Maternity Home, 135, A-E, Next to Lok Darshan, Military Road Marol
Mumbai",Maharashtra,
169,"Centre for Study of Society & Secularism, Mumbai",,csss@bom2.vsnl.net.in;csss@vsnl.com,"9B Himalaya Apartments, 6th Road, Santa Cruz (E)
Mumbai",Maharashtra,
170,"Centre for the Study of Social Change, Mumbai",,hdcssc@bom5.vsnl.net.in,"CSSC C/o M N Roy Human Development Campus, Opp Govt. Colony Bldg. No. 326, BAndhra (E)
Mumbai",Maharashtra,
171,"CHAIN – Community Helping Adults in Need, Mumbai",1-98203 20311,"bhavinbusa@yahoo.co.in,chainNGO@gmail.com","D-703, Prithvi Enclave, Nr. Annex Mall Mumbai
Mumbai",Maharashtra,
172,"Chain Foundation, Mumbai",91-98203 20311,chainNGO@gmail.com,"D-703, Prithvi Enclave, Nr. Annex Mall
Mumbai",Maharashtra,
173,"Chatrapati Shivaji Seva Mandal, Mumbai",91-93221 15797,vijaykumar.bhoite@gmail.com,"Chatrapati Shivaji Maidan, Near Vegitabel Market
Mumbai",Maharashtra,
174,"Child Help Foundation, Mumbai",97029 29267,rajendra.pathak@childhelpfoundationindia.org,"204, Jaydeep Bldg, Sector-1, Shanti Nagar, Opp. Tmt Bus Stand, Mira Road
Mumbai
Maharashtra
401107",Maharashtra,
175,"Child Relief & You, Mumbai",,hrdho.mum@crymail.org,"189 A, Sane Guruji Marg, Anand Estate
Mumbai",Maharashtra,
176,"Child Rights & You, Mumbai",,,"189/A, Sane Guruji Marg
Mumbai",Maharashtra,
177,"Child Vision And Education, Mumbai",96646 96648,info@childvisionandedu.org,"22 C, Ng Park, Bldg No 2, Rawalpada, Dahisar East
Mumbai
Maharashtra
400068",Maharashtra,
178,"Childline India Foundation, Mumbai",,dial1098@childlineindia.org.in,"2nd Floor, Nana Chowk Municipal School, Fere Bridge
Mumbai",Maharashtra,
179,"Children of the World (India) Trust, Mumbai",,cwb@bom5.vsnl.net.in,"401, Arun Chambers
Mumbai",Maharashtra,
180,"Children Toy Foundation, Mumbai",,ctf@vishwa.com,"C/O Rdesai & Co, Ali Building, 72, Shahid Bhagat Singh Road
Mumbai",Maharashtra,
181,"Childrens Education Society, Mumbai",86918 05892,info@childrensedu.org,"B-Ward, Opp. Mseb Office, Near By Dr. Ambedkar Hall. Matumga Labour Camp
Mumbai
Maharashtra
400019",Maharashtra,
182,"Chrysalis Charitable Trust, Navi Mumbai",99670 00665,mbrooker52@gmail.com,"202, 217, Sector-13, Kharghar
Navi Mumbai
Maharashtra
410210",Maharashtra,
183,"Citizen’s Council for a Better Tomorrow, Mumbai",,suruchifoods@rediffmail.com,"130-132, Great Westren Building, Shahid Bhagat Singh Road
Mumbai",Maharashtra,
184,"Citizens Association For Child Rights, Mumbai",99875 98509,connect.cacr@gmail.com,"1, Prabhav Society, 2nd Road, Tps-3, Santacruz
Mumbai
Maharashtra
400055",Maharashtra,
185,"Citizens Welfare Association & Social Services, Mumbai",91-90048 86699,pramodmenon13@gmail.com,"4, Kasturi Park, New Maneklal
Mumbai",Maharashtra,
186,"Clean Air Island, Mumbai",,ichat@vsnl.com,"P.O. Box 4125, St. Helen’s Court
Mumbai",Maharashtra,
187,"College of Social Work, Mumbai",,colsocwk@vsnl.com,"Nirmala Niketan, 38, New Marine Lines
Mumbai",Maharashtra,
188,"Comet Media Foundation, Mumbai",,comet_media@vsnl.com,"Topiwala Lane Municipal School, Lamington Rd., Grant Road(East)
Mumbai",Maharashtra,
189,"Commitee for the Advancement of the Status of Blind Women, Mumbai",,nabin@bom3.vsnl.net.in,"11 Khan Abdul Gaffar Khan Road, Worli Sea Face
Mumbai",Maharashtra,
190,"Committed Communities Development Trust, Mumbai",,ccdtrust@bom5.vsnl.net.in,"8, Pali Chimbai Municipal School, St. Joseph Road, Chimbai BAndhra (West)
Mumbai",Maharashtra,
191,"Common Endeavour for Development, Navi Mumbai",,singhsweta@hotmail.com,"501, Kusum Apt, Sector 17, Vashi
Navi Mumbai",Maharashtra,
192,"Community Coordination Initiative, Mumbai",,drrahmat8@gmail.com,"Aicmeu Office, Vazir Bldg First Floor
Mumbai",Maharashtra,
193,"Community Development Trust, Mumbai",,srshelke@rediffmail.com,"G-14, Haridwar-I, Evershine Nagar
Mumbai",Maharashtra,
194,"Community Outreach Programme, Mumbai",,corp_india@yahoo.co.in,"Methodist Centre, 21, Ymca Road, Mumbai Central
Mumbai",Maharashtra,
195,"Concern India Foundation, Mumbai",,concern@vsnl.com,"Ador House, 6, Kdubash Marg
Mumbai",Maharashtra,
196,"Conscious Citizen Forum, Navi Mumbai","91-9867001003, 91-9867001004",conscious_citizen_forum@yahoo.co.in,"28, Thapar Complex, 51, Sec 15, CBD Belapur
Navi Mumbai",Maharashtra,
197,"Consumer Guidance Society of India, Mumbai",,cgsibom@bom4.vsnl.net.in,"J Block, Mahapalika Marg
Mumbai",Maharashtra,
198,"Consumers Welfare Association, Mumbai",,cwamumbai@gmail.com,"402, B-Wing, Ashoka Complex
Mumbai",Maharashtra,
199,"Convent of Jesus & Mary Special School, Byculla",,,"Clare Road, Byculla
Byculla",Maharashtra,
200,"Credit Consumers Association of India, Mumbai",,ccai.mumbai@gmail.com,"3/141, M.H.B. Colony, Ram Mandir Road
Mumbai",Maharashtra,
201,"Dare Foundation, Navi Mumbai",91-98330 66726,suhail@dare-india.org,"B-4/10-6, Millennium Tower
Navi Mumbai",Maharashtra,
202,"Decimal Foundation, Mumbai",91-98202 92487,pankaj@decimalfoundation.org,"403/404, Churchgate Chambers, 5, New Marine Lines
Mumbai",Maharashtra,
203,"Development Standards Association of India, Navi Mumbai",,abhijitpatil@dsaionline.org,"A-537, Balaji Bhawan, Sector 11, Near Belapur Railway Station, C.B.D.
Navi Mumbai",Maharashtra,
204,"Dhangar Samaj Seva Sangh, Mumbai",91-96193 66034,malesh.bhimrao@gmail.com,"81-2/3, Savera C.H.S.Ltd., Veera Desai Road, Andheri ? West
Mumbai",Maharashtra,
205,"Diabetes Health Foundation Charitable Trust, Navi Mumbai",86552 44665,diabeteshealthfoundation@gmail.com,"22, Gangadhar Complex, 3, Sector 7, Kamothe
Navi Mumbai
Maharashtra
410209",Maharashtra,
206,"Dignity Foundation, Mumbai",,dignity@vsnl.com,"BMC School Bld, Topiwala Lane, Grant Road
Mumbai",Maharashtra,
207,"Dilkhush Special School, Mumbai",,hemantat@hotmail.com,"Juhu Road, Mumbai
Mumbai",Maharashtra,
208,"Dilkhush Teaches Training Centre, Mumbai",,dilkhush@vsnl.com,"Dilkhush Teachers Training Centre, Juhu Road
Mumbai",Maharashtra,
209,"Disha-Development In Social and Health Alliace, Mumbai",99873 60382,disha.develop2013@gmail.com,"158/1478, MHB Colony, DG Nagar, Gate No. 8, Malwani, Malad
Mumbai
Maharashtra
400095",Maharashtra,
210,"Dnyanada Prabodhan, Mumbai",91-99871 68104,dnyanadaprabodhan@gmail.com,"701-A, Opp. HSG Society, Gopi Tank Road
Mumbai",Maharashtra,
211,"Don Bosco Research & Documentation Centre, Mumbai",,donboscoresearch@gmail.com,"Don Bosco Youth Services, 3rd Flr
Mumbai",Maharashtra,
212,"Door Step School, Mumbai",,doorstep@vsnl.com,"Jagannath Shanker Shet, Municipal School, R.No. 54, 55, 2nd Floor
Mumbai",Maharashtra,
213,"Dreamcatchers Foundation, Mumbai",91-98926 12646,dreamcatchers@rediffmail.com,"601, KUMUD, 15th Road, Khar (West)
Mumbai",Maharashtra,
214,"DREAMINDIA, Mumbai",91-97693 20545,isshvkv2004@yahoo.com,"302, Pooja Society, Near Lok Rachna
Mumbai",Maharashtra,
215,"Dreamz Home, Malad",91-98929 54019,dreamzhome@gmail.com,"M.H.B. Colony, Dindoshi Nagar
Malad (E)",Maharashtra,
216,"Each One Teach One Charitable Foundation, Mumbai",,info@eachoneteachone.org,"32, Cope Niwas, 275, Sion East Road
Mumbai",Maharashtra,
217,"Eternity Charitable Trust, Mumbai",91-98699 95918,revnmlall@gmail.com,"1/8 Rebellow compound, Poisar (E), Kandivali
Mumbai",Maharashtra,
218,"Eureka Forbes Institute of Environment, Mumbai",,vishal.b@eurekaforbes.com,"Bhupesh Gupta Bhavan, 1st Floor, 85 Sayani Road, Prabhadevi
Mumbai",Maharashtra,
219,"FACSE – Forum against Child Sexual Exploitation, Mumbai",,facse95@gmail,"54, Gilden Lane Municipal School, Off Belasis Bridge, Mumbai Central
Mumbai",Maharashtra,
220,"FAD – Forum Against Drugs & Aids, Mumbai",,drshantanoo@rediffmail.com,"Aid for Aids Centre, Opp Tarabai Hall, Below Marine Lines Flyover
Marine Lines, Mumbai",Maharashtra,
221,"Family Planning & Medical Aid Trust, Mumbai",,trust@giasbm01.vsnl.net.in,"6, Indian Mercantile Mansion, 3rd Floor, Madam Cama Road
Mumbai",Maharashtra,
222,"Fellowship of the Physically Handicapped, Mumbai",,fph@vsnl.net,"FPH Building, Lala Lajpatrai Marg, Haji Ali
Mumbai",Maharashtra,
223,"Food-Shelter-Water, Mumbai",91-98203 08668,jaideep@foodshelterwater.org,"Mumbai
Mumbai",Maharashtra,
224,"Foundation for Humanization, Mumbai",,humanist@vsnl.com,"11, Yogniti, 18, S.V. Road, Santacruz (W)
Mumbai",Maharashtra,
225,"Freedom For You Foundation, Mumbai","93225 92902, 98208 74028",4ufreedom@Gmail.Com,"801, Excel Residency, Sec-7, Airoli
Mumbai
Maharashtra
400708",Maharashtra,
226,"Freedom Human Rehabilitation & Development, Navi Mumbai",91-98212 40367,,"B-6, 0:4, Sector 1
Navi Mumbai",Maharashtra,
227,"Garbage Concern, Mumbai",,garbageconcern@gmail.com,"501/2 Royal Apts, Sector 3, Charkop
Mumbai",Maharashtra,
228,"Gayatri Pariwar Youth Group, Mumbai",91-98678 27393,gpmumbai@gmail.com,"A/3/003, Anand Nagar, Dahisar E
Mumbai",Maharashtra,
229,"GCPD – Global Center for Prevention of Diseases, Mumbai",,gcpd@hathway.com,"43, Bajaj Bhawan, Nariman Point
Mumbai",Maharashtra,
230,"Gharkul Public Charitable Trust, Mumbai",98337 36200,gharkultrust@yahoo.com,"Prabhat Colony, Muncipal School Ground Flr, Santacruz
Mumbai
Maharashtra
400055",Maharashtra,
231,"Global Foundation, Mumbai",,globalf@indiatimes.com,"2, Mahavir Chamber, 17, Keshvaji Naik Road
Mumbai",Maharashtra,
232,"Gramin Sushikshit Bekar Sudhar Sanghatna, Mumbai",,ram_cp229@rediffmail.com,"18/274, Kannamwarnagar1
Mumbai",Maharashtra,
233,"Green Earth Foundation for Global Environment, Mumbai",,,"18-B-1Shivdarshan Building, Shiv Vallabh Road, Ashokvan Borivali (E)
Mumbai",Maharashtra,
234,"Green World Trust, Mumbai",91-99870 97546,greensupport@greenindians.in,"523, Midas, Sahar Plaza, J.B. Nagar, Andheri (East)
Mumbai",Maharashtra,
235,"Gurukripa Foundation, Mumbai",91-98678 75999,gurukripafoundation@gmail.com,"20, Hiralal Compund Below Kennady, Bridge Grant Road West
Mumbai",Maharashtra,
236,"Gurunanak Charitable Dispensary, Mumbai",,goregaongurudwaragnsg@gmail.com,"1st Floor, 92, L.T.Road No.5
Mumbai",Maharashtra,
237,"Habitat for Humanity India, Mumbai",,habitatindia@hfhisa.net,"B-61, 2nd Floor, 1, Ajay Mittal Industrial Estate
Mumbai",Maharashtra,
238,"Hamara Club, Mumbai",,hamara_club@rediffmail.com,"Gilder Lane Muncipal School, Room No. 27, Mumbai Central
Mumbai",Maharashtra,
239,"Hariyali Lok Kalyan Seva Samiti, Navi Mumbai",91-98694 47789,,"406, Preeti Park
Navi Mumbai",Maharashtra,
240,"Harmony for Silvers Foundation, Mumbai",,contact.us@harmonyindia.org,"Harmony Celebrate Age Reliance Centre, 1st Floor, 19 Walchand Hirachand Marg
Mumbai",Maharashtra,
241,"Harshad Mane Foundation, Mumbai",91-99677 06150,harshad_mane_21@yahoo.co.in,"A 402 Shree Samarpan, Natwar Nagar Road 4 Jogeshwarie Ast
Mumbai",Maharashtra,
242,"Harshal Charitable Trust, Mumbai","91-99303 55562, 91-97733 93811",sainet_help@yahoo.com,"5, B/h Block 2, Azad Nagar, R.A.K. Road, Wadala
Mumbai",Maharashtra,
243,"Health Education Library for People, Mumbai",,malpani@vsnl.com,"OM Chambers, 5th Floor, Kemps corner
Mumbai",Maharashtra,
244,"Health Organation, Mumbai",77388 11288,dr.aakash03@gmail.com,"51-1, JP Nagar, Behind Dakshata Poloce Society, Ramabai Colony, Ghatkopar
Mumbai
Maharashtra
400075",Maharashtra,
245,"Help (A Crises Centre), Mumbai",,rinkib@bom3.vsnl.net.in,"Gold Mist, 36 Carter Road
BAndhra, Mumbai",Maharashtra,
246,"Help a Child, Mumbai",,amrita@somaiya.com,"C/o GSM, Fazalbhoy Building, MG Road
Mumbai",Maharashtra,
247,"Help Age India, Mumbai",,helpage@bom3.vsnl.net.in,"34A-44 Gurughayya Building, Manish Nagar, Andheri West
Mumbai",Maharashtra,
248,"Helping Hand Charitable Trust, Mumbai",98209 76483,hhct11@gmail.com,"A/303, Charkop Deep Chs, 14 Sector, 8, Charkop Kandiwali
Mumbai
Maharashtra
400067",Maharashtra,
249,"Helping Hand Foundation, Mumbai",99879 23843,hhfngo2011@gmail.com,"302, Ganesh Society, 02 Chsl, Uttan Navghar Church Rd
Mumbai
Maharashtra
401106",Maharashtra,
250,"Hitech Family Enrichment Foundation, Mumbai",91-98211 59337,hitechforthespecialchildren@yahoo.com,"A 13, Mangal Prabha Apartments, N P Thakker Marg, Vile Parle
Mumbai",Maharashtra,
251,"Hum Trust, Mumbai",91-92212 77108,humtrust@gmail.com,"Sector A, Lane J1/06
Mumbai",Maharashtra,
252,"Human Welfare Charitable Trust, Mumbai",98197 56020,info@human-welfare.org,"3, Rajendra Ratna, Mahesh Nagar, Sv Road, Goregaon West
Mumbai
Maharashtra
400062",Maharashtra,
253,"Hyatt Care, Mumbai",,karimlabbai@gmail.com,"G-B-9, Cheeta Camp
Mumbai",Maharashtra,
254,"ICARE, Mumbai",91-99679 77991,icare@socialworker.net,"401, Giri Residency, Opp. Goenka Hall, J.B. Nagar
Mumbai",Maharashtra,
255,"ICMH – Indian Council for Mental Health, Mumbai",,icmh11@gmail.com,"UPM School Building, 1st Khetwadi lane
Mumbai",Maharashtra,
256,"IFFSA – International Forum for Social Action, Navi Mumbai",,iffsaa@gmail.com,"H 16, Samta Co-Op HSG Society, Sector 4, Sanpada
Navi Mumbai",Maharashtra,
257,"ILMA – International Leadership & Management Alliance, Mumbai",,hgolandaz@gmail.com,"34, Parijat, Vishnu Baug
Mumbai",Maharashtra,
258,"Impact India Foundation, Mumbai",,impactindia@bol.net.in,"65, Maharshi Karve Road, Nhava House (First Floor), Marine Lines
Mumbai",Maharashtra,
259,"India Sponsorship Committee, Mumbai",,isc@bom7.vsnl.net.in,"Mathuradas Estate Building, 43-45 Colaba Causeway
Mumbai",Maharashtra,
260,"Indian Association for Promotion of Adoption & Child Welfare, Mumbai",,iapa@vsnl.net,"Flat? 7, Kanara Brotherhood Co-op Housing Society, Mogul Lane, Matunga (West)
Mumbai",Maharashtra,
261,"Indian Development Foundation, Mumbai",91-98191 31388,idfvolunteers.mumbai@gmail.com,"L 10/3 & 4, Jal Ratan Deep, Bangur Nagar, Goregaon (West)
Mumbai",Maharashtra,
262,"Indian Health Organisation, Mumbai",,ihoaids@bom3.vsnl.net.in,"Municipal School Building, JJ Hospital Compound
Mumbai",Maharashtra,
263,"Indicus Public Trust, Mumbai",91-99679 40199,naresh_s2000@hotmail.com,"D-15, Office 7, Municipal Colony, Road 2, ParkSite, Vikhroli (W)
Mumbai",Maharashtra,
264,"Initiatives- Women in Development, Mumbai",,kranti@bom5.vsnl.net.in,"A-102 Vasant View, Dmonte Lane, Orlem Malan West
Mumbai",Maharashtra,
265,"Institute for Exceptional Children, Mumbai",,,"2nd Floor, Rooms 35 – 38, Topiwalla Lane Muncipal School, Opp Bhadamkar Marg
Mumbai",Maharashtra,
266,"Institute for Sustainable Development & Research, Mumbai",,isdres@hotmail.com,"N-1-8, Narayan Pujari Nagar, Above Hotel Mela, A.G. Khar Road Worli
Mumbai",Maharashtra,
267,"Institution Builders, Navi Mumbai",91-96190 82007,kanti@institutionbuilders.com,"B2/12, Vanashri CHS, 1-2, Sec 58 A, Nerul (W)
Navi Mumbai",Maharashtra,
268,"International Institute for Sustainable Future, Mumbai",,iisfb@giasbm01.vsnl.net.in,"73A Mittal Tower, Nariman Point
Mumbai",Maharashtra,
269,"International Resources for Fairer Trade, Mumbai",,shipra@irft.org,"Unit No.7, Sona Udyog Ind. Estate, Parsi Panchayat Road
Mumbai",Maharashtra,
270,"Iqra Gyan Educational & Welfare Foundation, Mumbai",98208 01169,info@iqragyan.org,"A-2/201, Al-Saf,a Co-Operative Housing Society, Millat Nagar, andheri West
Mumbai
Maharashtra
400053",Maharashtra,
271,"JAAG, Mumbai",,jaagoindia@hotmail.com,"B-22, Plot 62, Gharkul Chs, Borivali
Mumbai",Maharashtra,
272,"Jagruti Charitable Trust, Mumbai",,jagruti.ctrust@gmail.com,"107, 21-B Building, Mmrda Complex
Mumbai",Maharashtra,
273,"Jagruti Kendra, Mumbai",,frbarthol@hotmail.com,"C/O St. Jude Church, Mathuradas Vasanji marg, Jerimeri
Mumbai",Maharashtra,
274,"Jalvardhini Pratishthan, Mumbai",,paranjpe.ulhas@gmail.com,"1, Janki Niwas, Gokhale Road, Dadar
Mumbai",Maharashtra,
275,"Janakalyan Sevasram, Thane",91-9324001862,cksnarayanan@hotmail.com,"Survey No. 1110, 10-11, Kolkhe Village, Opp. Canara Bank, Parpund, Mumbai-Pune Road, Panvel
Thane",Maharashtra,
276,"Janheet Sansta, Thane",,rammumbaikar@gmail.com,"4, Deep T. B – Wing, Mumbra
Thane",Maharashtra,
277,"Janjagruti Vidyarthi Sangh, Mumbai","89764 31045, 96196 77203",janjagrutivs@gmail.com,"New Chikuwadi
Mumbai
Maharashtra
400043",Maharashtra,
278,"Jansevamission, Mumbai",99870 95260,rkministry73@gmail.com,"13/D/406, Sangharsh Nagar, Chandivali andheri
Mumbai
Maharashtra
400072",Maharashtra,
279,"Jeanne Devos, Mumbai",,"info@jeannedevos.org, rita.heymans@jeannedevos.org","104/A, Mumbai
Mumbai",Maharashtra,
280,"Jeevan Jyoti Ministries, Mumbai",,jeevanjyothiministries@yahoo.co.in,"17 Eden Villa, Anand Park
Mumbai",Maharashtra,
281,"Josh Foundation, Mumbai",91-961908 9292,info@joshfoundation.net,"14, Takshila, K.V.Campus, N.C.H.C, Kanjurmarg
Mumbai",Maharashtra,
282,"Juhu Beach Life Gaurd Assocition, Mumbai",,andymarines2003@yahoo.co.in,"Shiv Shurti C.H.S. 519, Room C/35 Sector
Mumbai",Maharashtra,
283,"Kalashray Foundation, Mumbai",99878 09350,kalashrayfoundation@gmail.com,"70, 74, Evershine Millennimum, Thakur, Kandivali
Mumbai
Maharashtra
400101",Maharashtra,
284,"Kanbs Foundation, Mumbai",,dr.jagdish_singh@yahoo.co.in,"003/32 Sanskruti, Phase – 2, Thakur Complex
Mumbai",Maharashtra,
285,"Karunya Trust, Mumbai",,karunyatrust@hotmail.com,"Bishop House, P.B. No. 8434, Powai
Mumbai",Maharashtra,
286,"Kashi & Laxmi Trust , Navi Mumbai",,karuna.mishra@gmail.com,"209, Nerul West
Navi Mumbai",Maharashtra,
287,"Kimaya Foundation, Mumbai",,drmbabre@hotmail.com,"353, Golanji Hill, Near Wagheshwari Mandir
Mumbai",Maharashtra,
288,"Kiran Foundation, Mumbai",91-99675 80960,kiranfoundation@rediffmail.com,"Chembur, Mumbai
Mumbai",Maharashtra,
289,"Kranti Foundation, Mumbai",91-98678 88818,info@krantifoundation.com,"Mulund, Mumbai
Mumbai",Maharashtra,
290,"Kranti Sanstha, Mumbai",91-99693 05833,krantisanstha@gmail.com,"91/B Balaji Niwas, Banganga Road
Mumbai",Maharashtra,
291,"Kripa Foundation, Mumbai",,kripafoundation@kripafoundation.org,"81/A, Chapel Road, BAndhra
Mumbai",Maharashtra,
292,"Krishna Shanti Suman Multipurpose Event Organization, Navi Mumbai",99209 89001,krishnashanti@in.com,"NRI Complex, Seawoods, Nerul
Navi Mumbai
Maharashtra
400706",Maharashtra,
293,"KSHANA, Mumbai",91-99870 50932,kshana@gmail.com,"Andheri, Mumbai
Mumbai",Maharashtra,
294,"Kumud J.C. Barot Foundation, Mumbai",,ashaamarcorporation@gmail.com,"93, Shri Jorawar Bhuvan, Top Floor, Flat No 19
Mumbai",Maharashtra,
295,"Lap of Love Foundation, Mumbai",91-97697 50211,kunal.sodhani@yahoo.com,"A/28 Saraswati Niwas, Pai Nagar, Borivali(W)
Mumbai",Maharashtra,
296,"Lawyers Collective Hiv-Aids Unit, Mumbai",,aidslaw@lawyerscollective.org,"61, Jalaram Kripa
Mumbai",Maharashtra,
297,"LEAD, Mumbai",91-98195 00441,lead.airoli@gmail.com,"3, Shiv Darshan, Airoli Gaav, Near Gaav Devi ground
Mumbai",Maharashtra,
298,"Learning Boat, Mumbai","91-92247 58385, 91-099300 30599",learningboat@in.com,"21, Sainath Chawl, Ganesh Mandal
Mumbai",Maharashtra,
299,"Life Trust, Mumbai",,empower@liftrustindia.org,"B-1, Neelam Centre, S.K. Ahire Marg, Near Glaxo, Worli
Mumbai",Maharashtra,
300,"Light of Life Trust, Mumbai",91-98213 99002,bAndhra@lolt.in,"181, Hill Road, BAndhra(W)
Mumbai",Maharashtra,
301,"Lok Kala Jagruti Manch, Navi Mumbai",91-98199 09048,lokkalajagruti@gmail.com,"D 09, Condomininum 8, Sector 10, Koparkhairne
Navi Mumbai",Maharashtra,
302,"Lok Seva Sangam, Mumbai",,loksevasangam@vsnl.net,"D/1, Everard Nagar, Eastern Express Highway Sion
Mumbai",Maharashtra,
303,"LOKADHIKAR, Mumbai",91-98209 12422,anil.nair90@yahoo.co.in,"V-34, M R Society, Relief Road, Daulat Nagar, Santacruz(W)
Mumbai",Maharashtra,
304,Love Mumbai,,,"2, Soona Mahal, Opp. Ambassador Hotel
Mumbai",Maharashtra,
305,"M B Barvalia Foundation, Mumbai",,praful@bom3.vsnl.net.in,"Naidu Colony, Opp. Building No. 161, Pant Nagar, Ghatkopar (East)
Mumbai",Maharashtra,
306,"MADAD, Mumbai",,madadngo@gmail.com,"86, Movie Tower, Oshiwara, Andheri – West
Mumbai",Maharashtra,
307,"Maharashtra State Women’s Council, Mumbai",,,"Town Hall (Central Library), Shahid Bhagat Singh Marg
Mumbai",Maharashtra,
308,"Mahatma Jyotiba Phule Trust, Mumbai",91-99691 01616,bhalerao_archana@yahoo.com,"Sion, Mumbai
Mumbai",Maharashtra,
309,"Mahila Dakshata Samiti, Mumbai",,,"Gala No. 5, Under Keshav Sut Bridge, Dadar West
Mumbai",Maharashtra,
310,"MAJLIS, Mumbai",,majlislaw@vsnl.net,"4/A-2, Golden Valley
Mumbai",Maharashtra,
311,"Make a Wish Foundation of India, Mumbai",,mawindia@vsnl.com,"B2/12, Samruddhi Society, B. Parulekar Marg, Dadar
Mumbai",Maharashtra,
312,"Marathi Mission Nagpada Neighbourhood House, Mumbai",,ucbwm@bom5.vsnl.net.in,"Nagpada Neighbourhood House, Nagpada, Byculla
Mumbai",Maharashtra,
313,"Markazul Maarif Education & Research Centre, Mumbai",91-98695 13815,rizwaanqasmi@yahoo.com,"Patliputra Nagar, Masjid Complex, Oshiwara New Link Road, Jogeshwari (W)
Mumbai",Maharashtra,
314,"Mary’s Clan, Mumbai",91-98203 49299,marysclan@gmail.com,"Mt. Mary’s Basilica, Mt. Mary Road, BAndhra West
Mumbai",Maharashtra,
315,"Massey Ministries, Mumbai",,jesuswalk@rediffmail.co / jesus@masseyministries,"504-B10 Sector 5, Charkop Kandivli (W)
Mumbai",Maharashtra,
316,"Master Chander Sangeet Academy, Mumbai",91-98194 45058,gauravdamwani@hotmail.com,"25, Road 2 Shrinathji Bldg, Shivaji Park
Mumbai",Maharashtra,
317,"Matrika Foundation, Mumbai",,matrikango@hotmail.com,"4, Vasudhara, Dr. Charatsingh Colony
Mumbai",Maharashtra,
318,"Media Matters- A Centre for Development Support Communication, Mumbai",,mediamatters@vsnl.com,"400 Sai Section, Ambernath East
Mumbai",Maharashtra,
319,"MelJol, Mumbai",,meljolmumbai@yahoo.co.in,"Room No. 117, Third Floor, Gilder Lane Municipal School
Mumbai",Maharashtra,
320,"Men Against Violence and Abuse, Mumbai",,,"12-A Parishram Building, 1st Floor, Bhandar Lane, Lady Jamshedji Road Mahim
Mumbai",Maharashtra,
321,"Mewsic India Foundation, Mumbai",92234 99160,andres.gaikwad@mewsic.in,"4 Satguru Shopping Center, 3rd Road, Khar
Mumbai
Maharashtra
400052",Maharashtra,
322,"Midas Trust, Mumbai",91-98196 12268,shaji@midastrust.org,"F-3, Vaibhav Co-Op Hsg. Society, Opp. Import Warehouse, Sahar, Andheri East
Mumbai",Maharashtra,
323,"Mission of Compassion, Mumbai",91-98339 44417,samson.suresh@gmail.com,"Zion Bridavan Society, CTS 1817
Mumbai",Maharashtra,
324,"Mitra medical & Educational Trust, Mumbai",91-96043 87860,drkiranb@hotmail.com,"3/6 Haji Ali, Govt Colony
Mumbai",Maharashtra,
325,"MOB, Mumbai",,mob_india@rediffmail.com,"522, Brahmasiddghi Bldg., S V Road, Prabhadevi, Century Bazar
Mumbai",Maharashtra,
326,"Mobile Creches, Mumbai",,kochar@bom3.vsnl.net.in,"Oxford House, 2nd Floor, Apollo Bunder Colaba
Mumbai",Maharashtra,
327,"Mobilized Action to Reach The Goal, Mumbai",91-98678 45642,panigrahisantosh79@gmail.com,"22/242, CGS Qtrs
Mumbai",Maharashtra,
328,"Modern Educational Social & Cultural Organisation, Mumbai",,mescotrust@mescotrust.org,"110, Natalwala Building, V S Marg, Mahim
Mumbai",Maharashtra,
329,"Money Life Foundation, Mumbai",,mlfoundation@moneylife.in,"305, 3rd Floor, Hind Service Industries Premises, Off Veer Savarkar Marg, Shivaji Park, Dadar
Mumbai",Maharashtra,
330,"Mother Foundation Charitable Trust, Navi Mumbai",91-98217 20300,mother_charitabletrust@yahoo.co.in,"JN2/65/A-3, Gulmohar Society
Navi Mumbai",Maharashtra,
331,"Mother Foundation, Mumbai","95943 39516, 845490 7029, 98213 38018",motherfoundationdsanju@gmail.com,"2, Gr. Floor, Hill Breeze, B Wing, Triveni Nagar, Patahn Wadi, Malad East
Mumbai
Maharashtra
400097",Maharashtra,
332,"Mukti Sadan Foundation, Mumbai",91-93233 20820,Muktisadan@gmail.com,"Shivaji Nagar, Nr. Western Express Highway, Jogeshwari (E)
Mumbai",Maharashtra,
333,"Mulgandha Baudhavikas Mandal Maldoli, Mumbai",91-98672 73360,mulgandh@yahoo.in,"Manoj Pawar A-1 Bakery, Teen Dongri Adarshnagar Goregoan
Mumbai",Maharashtra,
334,"Multiple Sclerosis Society of India, Mumbai",,,"Samajasadan, 2nd Floor, S.H. Paralkar Road, Dadar
Mumbai",Maharashtra,
335,"Muskan Foundation for People With Disabilities, Mumbai",,dipti_gandhi@hotmail.com,"Prashanti, 15, Kala Nagar
Mumbai",Maharashtra,
336,"NAGRIK, Mumbai",91-93205 70769,sapna_a_sagar@yahoo.co.in,"Nagrik Automobiles, Balkan-Ji-Bari Road, Thane
Mumbai",Maharashtra,
337,"Namrata’s Trust, Mumbai",,namratatrust@gmail.com,"87, D.P. Prop., N.M.Road, Kurla (West)
Mumbai",Maharashtra,
338,"Nana Nani Foundation, Mumbai",91-98909 11703,prajakta@nanananifoundation.org,"324, A to Z Estate, Ganpatrao Kadam Marg
Mumbai",Maharashtra,
339,"Nasiha Education & Welfare Trust, Mumbai",,nasiha5@hotmail.com,"B 28/10 Diamond Chs Ltd, Sppl Colony
Mumbai",Maharashtra,
340,"Nasrugi Trust, Dombivili",91-92243 75355,nasrugitrust@yahoo.co.in,"A6/203, Shankeshwar Nagar
Dombivili",Maharashtra,
341,"National Association for the Blind, India, Mumbai",,,"NABI, 11 Khan Abdul Gaffar Khan Road, Worli Sea Face
Mumbai",Maharashtra,
342,"National Domestic Workers Movement, Mumbai",,jeanne@bom8.vsnl.net.in,"104/A, St. Mary’s Apts
Mumbai",Maharashtra,
343,"National Society for Clean Cities, Mumbai",,k_nainan@hotmail.com,"590, Ali Yavar Jung Marg, Opp. Kherwadi Municipal Maternity Hospital BAndhra (East)
Mumbai",Maharashtra,
344,"National Society for Community Health, Mumbai",91-93235 62340,drramchand_jaiswar@yahoo.co.in,"R/N-3, Ground Floor, R N Dubey, Lane Kumbhar Wada No 4
Mumbai",Maharashtra,
345,"National Society for Equal Oportunities for the Handicapped, Mumbai",,naseoh@bom7.vsnl.net.in,"Postal Colony Road, Chembur
Mumbai",Maharashtra,
346,"National Solid Waste Association of India, Mumbai",,nswai@envis.nic.in,"B-703, Customs Colony A, Military Road, Marol, Andheri (E)
Mumbai",Maharashtra,
347,"National Student Association (India), Mumbai",91-900452 0099,nsai1998@yahoo.com,"5, 66/B, West Gaothan, St. Francis Road, Parle-West
Mumbai",Maharashtra,
348,"Natural Health Centre, Mumbai",,leorebello@vsnl.com,"28/552 Samata Nagar, Kandivli (East)
Mumbai",Maharashtra,
349,"Navnirman samaj Vikas Kendra, Mumbai",,nsvk_mid@vsnl.net,"Plot no 61, Room no 119, New Collector Compound, Malwani Malad West
Mumbai",Maharashtra,
350,"Navpada Youth Association, Mumbai",,shakiltutorial@gmail.com,"35th Patel Mansion, 10, Navpada, BAndhra
Mumbai",Maharashtra,
351,"Navprerana Ek Samajik Sanstha, Mumbai",,htsaid@rediffmail.com,"Shivkripa Society, Anandgad, Parksite, Vikhroli(W)
Mumbai",Maharashtra,
352,"Network Of Women, Mumbai",,rukib@bom3.vsnl.net.in,"36, Carter Road, BAndhra (West)
Mumbai",Maharashtra,
353,"New Era Foundation, Navi Mumbai",91-93234 08735,nef_a@yahoo.com,"Airoli ,Sector – 14, Poorna Chs 3/3
Navi Mumbai",Maharashtra,
354,"New Jerusalem Church, Mumbai",98219 02782,philiplazar@yahoo.in,"Church Lane, Tilak Nagar, Darga Cross Road, Bhandup
Mumbai
Maharashtra
400078",Maharashtra,
355,"New Resolution India, Mumbai",98677 18722,info@brightfutureindia.org,"85/B, First Floor, Kamgar Nagar, Opposite Vishal Tower, Kurla East
Mumbai
Maharashtra
400024",Maharashtra,
356,"NFBM – National Federation of the Blind, Mumbai","91-93220 12096, 91-90298 82878",nfbm2010@gmail.com,"R.K. Samiti, Gandhi Chowk, R.S. Road, Vile-Parle West
Mumbai",Maharashtra,
357,"Niramaya Health Foundation, Mumbai",,niramayahealth@gmail.com,"16-B, 3, Krishna Niwas, Naigaon, Dadar
Mumbai",Maharashtra,
358,"Nirmala Niketan Institute, Mumbai",,nnchsc@bom5.vsnl.net.in,"College of Home Science and Polytechnic, Nirmala Niketan, 49 New marine Lines
Mumbai",Maharashtra,
359,"Nmsmm’s Shubharambh, Navi Mumbai","91-98210 63224, 91-098205 97236",ganeshakharat@yahoo.com,"208, Jadhav Niwas, Shivahakti Ngr, Turbhe Stores
Navi Mumbai",Maharashtra,
360,"NRITYANJALI, Mumbai",,nrityanjali@vsnl.com,"35-B, Miniland, Nrityanjali Marg
Mumbai",Maharashtra,
361,"Oasis India, Mumbai",,transformation@oasisindia.org,"1st floor, H. Kantilal Compound
Mumbai",Maharashtra,
362,"Om Creations Trust, Mumbai",,omcreationstrust@gmail.com,"Anand Niketan, E Moses Road
Mumbai",Maharashtra,
363,"Oomang Community Center, Mumbai",91-93211 27043,oomang.cns@gmail.com,"Shop 2, Simran Appts, Sector 28
Mumbai",Maharashtra,
364,"Options, Mumbai",,options42@hotmail.com,"81 Patrakar, Kala Nagaar, BAndhra (East)
Mumbai",Maharashtra,
365,"Paa Foundation, Mumbai",,connect@paafoundation.in,"503, Ragini ‘A’ Wing, Vasant Utsav Co-Op. Hsg. Soc.
Mumbai
Maharashtra
400101",Maharashtra,
366,"Paraplegic Foundation, Mumbai",,paraplegicfoundation@yahoo.com,"T-1, Old Barracks of LTMG Hospital
Mumbai",Maharashtra,
367,"Parivartan Bahuuddeshiya Sanstha, Mumbai",91-98676 38980,samadhan_bhaurao@yahoo.co.in,"Samadhan Kirana Store, Navyug Chawl, Bhim Nagar, Damu Nagar, Akurli Road, Kandivali (E)
Mumbai",Maharashtra,
368,"Passages Association for Guidance, Education & Support, Mumbai",,,"92, Lady Ratan Tata Medical Centre, Cooperage
Mumbai",Maharashtra,
369,"People’s Action for Development, Mumbai",,,"9th Floor New Administrative Building, Opp Mantralaya
Mumbai",Maharashtra,
370,"People’s Responsibile Organisation of United Dharavi (PROUD), Mumbai",96646 92998,pkanthony@rediffmail.com,"90ft. Road, Subash Nagar, Dharavi
Mumbai
Maharashtra
400017",Maharashtra,
371,"Planning Rural-Urban Integrated Development through Education, Mumbai",,vkadri@bol.net.in,"4-C, Swapnalok, 47, Lady Jagmohandas Marg
Mumbai",Maharashtra,
372,"PPN – People’s Power of Nation, Mumbai",91-98200 25958,panchemorganics@yahoo.com,"E-1/504, Highland Park, Mulund Colony
Mumbai",Maharashtra,
373,"Prabodhini Mahila Samajik Sanstha, Mumbai","91-98697 65361, 91-93217 65361.",priyankaghanekarg9@mail.com,"3/310, Saidham Chs, Nanabhai Laxman Parelkar Marg
Mumbai",Maharashtra,
374,"Pragatee Foundation, Mumbai",96196 80613,kranein@gmail.com,"Bapu Chaya Bldg, 185-188, Sector 23, Juinagar
Mumbai
Maharashtra
400705",Maharashtra,
375,"Pragatik Vidhyarthi Sangh, Mumbai",,,"A/10, Budha Vihar, Dr. B.R. Ambedkar Municipal Labour Camp Chembur
Mumbai",Maharashtra,
376,"Prakash Bhavan Seva Sang Trust, Mumbai",91-93213 19614,vedahilda@hotmail.com,"94/102, New Mhada Colony, Mankhurd
Mumbai",Maharashtra,
377,"Prakruti, Mumbai",,kisansbc@vsnl.com,"620, Jame Jameshed Road, Fourth Floor, Dadar East
Mumbai",Maharashtra,
378,"Pratham Education Initiative, Mumbai",,pratham@giasbmo1.vsnl.net.in,"Y B Chavan Centre, Jen J Bhosale Marg, Nariman Point, Church Gate
Mumbai",Maharashtra,
379,"Praxis ‘Go Green’ Initiative, Mumbai",,gogreendrive@gmail.com,"V.E.S.I.T, Sindhi Society
Mumbai",Maharashtra,
380,"Prem Sagar, Mumbai",,,"Lutheran Centre, Marve Road
Mumbai",Maharashtra,
381,"Prerana, Mumbai",,pppatkar@gaisbm01.vsnl.net.in,"C-603, Eden III, Hiranandani Gardens Powai
Mumbai",Maharashtra,
382,"Progressive Foundation, Mumbai",93248 12905,tanveermm@gmail.com,"401-4b, Patliputra Nagar, Jogeshwari West
Mumbai
Maharashtra
400102",Maharashtra,
383,"Project Mainstream, Mumbai",,promain@vsnl.net,"Vasant Vilas 5th Floor, 31 Dr. D.D.Sathye Marg Girgaon
Mumbai",Maharashtra,
384,"Project Sharan, Mumbai",,info@projectssharan.org,"118, Sea Face Society Hanuman Nagar, Katar Road Danda Khar West
Mumbai",Maharashtra,
385,"Prompt Care International Foundation, Mumbai",,pcif@vsnl.com,"8/203, 204 Lilyyanagar, Off S V Road, Near Kamath Club Goregaon
Mumbai",Maharashtra,
386,"Protein Foods and Nutrition Development Association of India, Mumbai",,pfndai@vsnl.com,"22, Mahalaxmi Chambers, 2nd Floor, Bhulabhai Desai Road
Mumbai",Maharashtra,
387,"Rajiv Gandhi Memorial Education Society, Mumbai",,verdictweekly@gmail.com,"G 2, Royal Status, 33 Sir Balchander Road Mumbai",Maharashtra,
388,"Rashtriya Jagran Manch, Mumbai",,ra.jagranmanch@yahoo.com,"90/A, Orchid Plaza, Behind Movie Gem Theatre Mumbai",Maharashtra,
389,"Rayat Probodhan Sanstha, Mumbai",,sadanandpurav@gmail.com,"Sudha Niwas, Babhai, Eksar Road, Borivali Mumbai",Maharashtra,
390,"Rayat Vikas Mahila Bachat Gat, Mumbai",,rayatvikas@gmail.com,"Ashok Mill Compound, Sant Rohidas Marg Mumbai",Maharashtra,
391,"Rayat Vikas Majoor Sahakari Sanstha Ltd, Mumbai",,rayatvikas@gmail.com,"Ashok Mill Compound, Sant Rohidas Marg Mumbai",Maharashtra,
392,"Real Foundation, Mumbai",91-97730 33310,realngo2009@gmail.com,"35, Sukh Sadan Dena Wadi, Thakurdwar Mumbai",Maharashtra,
393,"Rescue Foundation, Mumbai",,admin@rescuefoundation.net,"39, Lady Fatimadevi Road Mumbai",Maharashtra,
394,"Research Centre for Women’s Studies, Mumbai",,rcwssndt@bom3.vsnl.net.in,"Sir Vithaldas Vidyavihar, Juhu Campus Juhu Road Mumbai",Maharashtra,
395,Resource & Support Centre for Development -Navi Mumbai,,rscd@vsnl.com,"RH IV – C4, Sector 9, C.B.D.-Belapur Navi Mumbai",Maharashtra,
396,"RSP – Rashtra Swasthya Prabodhini, Mumbai",91-93243 16271,rsp_ngo@yahoo.co.in,"255 / 15, Sankalp, Sector-2, Charkop Mumbai",Maharashtra,
397,"Rural Communes, Mumbai",,rcmuneer@vsnl.com,"70, 2nd floor, LIC Building, Anadilal Poddar Marg Mumbai",Maharashtra,
398,"S P J Sadhana School for the Developmentally Handicapped, Mumbai",,sadhana@bol.net.in,"Dr. Rosendo Ribeiro Children’s Complex, Sophia College Campus, Ballubai Desai Road Mumbai",Maharashtra,
399,"Saathi, Mumbai",,saathi50@hotmail.com,"Flat 41, 6th Floor, B-1, Maniyar Apts Tardeo Road Mumbai",Maharashtra,
400,"Sahara Pratishthan, Mumbai",91-98211 37624,raj_punu1@yahoo.com,"39/2011, Shivam Chs, Gandhi Ngr, BAndhra (E) Mumbai",Maharashtra,
401,"SAHAYAK, Mumbai","91-90761 42156, 91-89765 72989",sahayakngo@hotmail.com,"B18, B402, Gokuldham, Goregaon (East) Mumbai",Maharashtra,
402,"SAI – Social Activities Integration, Mumbai",91-98920 91858,vasta_sai@yahoo.co.in,"14 G/F- Byculla Municipal School Building, N.M. Joshi Road, Byculla (West) Mumbai",Maharashtra,
403,"Sakaar Social & Educational Organisation, Mumbai",91-98336 10640,sakaar2006@gmail.com,"‘A’ Colony, Gautam Nagar, Nr. Zende Garden, Govandi Mumbai",Maharashtra,
404,"Sakhya Womens Guidance Cell, Mumbai",,,"College of Social Work, Nirmala Niketan, 38, New Marine Lines Mumbai",Maharashtra,
405,"Sakhya, Mumbai",,,"College of Social Work, Nirmala Niketan, 38, New Marine Lines Mumbai",Maharashtra,
406,"Samaj Seva Niketan, Mumbai",,samajseva@mtnl.net.in,"3-4, Bhanu Villa, Amrut Nagar, Ghatkopar Mumbai",Maharashtra,
407,"Samaj Seva Samiti, Mumbai",91-93201 11118,primeestate@yahoo.com,"8/19, Shalima, Lala Nigam Rd., Colaba Mumbai",Maharashtra,
408,"Samaj Vikas KAndhra, Mumbai",,nicicibank@yahoo.com,"256 Building, 202 Khetwadi Grant Road Mumbai",Maharashtra,
409,"Samajsevak Rugnaseva Aadharbhut Sanghatan Abhirakshak, Mumbai",,rugnadhar@vsnl.net,"Uttung O-C, Samant Wadi, Goregaon (East) Mumbai",Maharashtra,
410,"SAMARITANS, Mumbai",91-98204 25963,rodantonio@gmail.com,"Sai-Krupa, 1st Floor, BA Road, Dadar (E) Mumbai",Maharashtra,
411,"Samarth Apang Samajik Sanshta, Mumbai",91-98922 28540,samarthapang@yahoo.com,"Shailesh Bhoir Niwas Govandi, Near Fish Market Mumbai",Maharashtra,
412,"Samartha Seva Charitable Sanstha, Navi Mumbai",,ssc.sanstha@yahoo.co.in,"A-396, 1st Floor, Sector-2 Navi Mumbai",Maharashtra,
413,"Sambhav Foundation, Mumbai","91-98692 54899 , 91-99693 21535",sambhavemail@gmail.com,"112/790, Heramb Society, Sarvoday Nagar, Jogeshwari East Mumbai",Maharashtra,
414,"Sampark, Mumbai",,mitra@bom3.vsnl.net.in,"C.V.O.D Jain High School, 84 Samuel Street, Palla Gally Dongri Mumbai",Maharashtra,
415,"Sanjivani, Mumbai",,,"Everest A/1, 2nd Floor, 156, Tardeo Raod Mumbai",Maharashtra,
416,"Sankalp Siddhi Sansthan, Mumbai","98205 50990, 90043 30234",sankalpsiddhisansthan@gmail.com,"1514, 15th Floor, Bld-2, Ganesh Ekta Society, Yashwant Nagar, Goregaon
Mumbai
Maharashtra
400104",Maharashtra,
417,"Sanpada Prabhodhani, Navi Mumbai","91-98216 58038, 91-998673 54033",aaru4u2025@yahoo.com,"524, Om Datta Krupa, Sanpada Sector 5 Navi Mumbai",Maharashtra,
418,"Sant Gadge Maharaj Samajik Sanstha, Mumbai","91-98208 90318, 91-98201 74436",com_sanjay@yahoo.com,"Nityanand Nagar, Near BPT Rly Gate 4 Mumbai",Maharashtra,
419,"Sarva Seva Sangh, Mumbai",91-99697 08771,sssmumbaiinm@gmail.com,"Gyan Ashram Campus, Mahakali Caves Road, Andheri East
Mumbai",Maharashtra,
420,"Save Bombay Committee, Mumbai",,kisansbc@bom5.vsnl.net.in,"620, Jame Jameshed Road, Dadar East
Mumbai",Maharashtra,
421,"Search Foundation, Mumbai",,searchidea@yahoo.com,"203, Pallavi, 244, Sector 4
Mumbai",Maharashtra,
422,"Seva Dhan, Mumbai",,sevadhan@bom.3.vsnl.net.in,"4th Floor, Municipal Hospital Building, Bhardawadi, Andheri West
Mumbai",Maharashtra,
423,"Seva Sadan Society, Mumbai",,,"Pandita Ramabai Road, Gamdevi
Mumbai",Maharashtra,
424,"Seven Seas Foundation, Mumbai",,pandit@lakshad.com,"G-2, Gulnar Building",Maharashtra,
425,"Shakti Charitable Trust, Mumbai",91-98336 68581,preeti_dandekar@yahoo.com,"101 Patkeshwar Apt, Tps Rd, Babhai Naka, Borivali [West]
Mumbai",Maharashtra,
426,"Shastri Memorial Foundation, Mumbai",91-98202 83548,shastrimemorial@gmail.com,"21, Purushottam Nagar, SV Road
Mumbai",Maharashtra,
427,"Shiva DMD Health & Education Trust, Mumbai",91-98925 59169,shivadmd@gmail.com,"2, Shiv Shakti Society, Chaitanya Nagar, I.I.T Market, Powai
Mumbai",Maharashtra,
428,"Shraddha Charitable Trust, Mumbai",,shraddha@hathway.com,"14-19, Malaxmi School Bldg, 3rd Floor, B. Desai Ro
Mumbai",Maharashtra,
429,"Shree Mahalaxmi Pratishtans Trust, Navi Mumbai",91-98196 51004,smptrust@gmail.com,"6, Charishma Corner, Opp. Gangaram Cinema, Station Road, Old Panvel
Navi Mumbai",Maharashtra,
430,"Shree Mahavir Gramudyog Vikas & Prashikshan Sanstha, Navi Mumbai",91-98196 01225,shreemahavir58@gmail.com,"204, Shree Ramgopal Villa, Sector 4, Kharghar
Navi Mumbai",Maharashtra,
431,"Shree Yogeshwar Mahadev Trust, Mumbai",93206 04777,symt26@gmail.com,"Sophia Manzil, Near Bank of India, Shivaji Park, Dadar
Mumbai
Maharashtra
400028",Maharashtra,
432,"Shri Narayanrao Navagare Education Trust, Mumbai",91-98922 43779,navagare@yahoo.co.in,"Mathre Chwal Sundar Nagar, Kandivali
Mumbai",Maharashtra,
433,"Shri Pandurang Vikas Sanstha, Mumbai",,htsaid@rediffmail.com,"Shree Society, Anandgadh, Parksite, Vikhroli (W)
Mumbai",Maharashtra,
434,"Shri Vitthalrao Joshi Charities Trust, Mumbai",,vikaswalawalkar@walawalkarhospital.com,"Parijat, Gokhale Road North
Mumbai",Maharashtra,
435,"SHRI, Mumbai",91-99690 15524,venkycommunity.2008@rediffmail.com,"162, Powai Plaza, Hiranandani Gardens, Powai
Mumbai",Maharashtra,
436,"Shyam Rasik Sevavidhi-Global, Mumbai",93222 66617,udayprabhu@activist.com,"Apollo Complex, Rk Singh Marg andheri
Mumbai
Maharashtra
400069",Maharashtra,
437,"Silver Inning Foundation, Mumbai",91-98198 19145,sailesh2000@gmail.com,"C/22, 303, Sector-8, Shantinagar
Mumbai",Maharashtra,
438,"Sindhi Sangat, Mumbai",91-98214 73200,info@sindhisangat.com,"12b/2, Jethibhen Society, Mori Road Mahim
Mumbai",Maharashtra,
439,"Singal Educational Welfare Association – Rasnal, Mumbai",91-98670 41811,singalgroup@yahoo.co.in,"6/61-A, BMC Chawl, Dr. E. Moses Road, Opp. Geeta Cinema
Mumbai",Maharashtra,
440,"Sixty Plus Welfare Association, Mumbai",99875 12970,neha.sonawane@60plus.co.in,"A-5, Abhinav Milind Society, Shiv Srushti, Kurla
Mumbai
Maharashtra
400024",Maharashtra,
441,"SKY Foundation, Mumbai",91-96199 61217,pranalicarcare@gmail.com,"A/4, 26-28, Nirnayasagar Bldg, Above Pudhari, M.B.Velkar Marg, Kalbadevi
Mumbai",Maharashtra,
442,"Slum Rehabilitation Society, Mumbai",,srs@bom7.vsnl.net.in,"Society Swapna Safalya, 25th Road, Behind Duruelo School, BAndhra
Mumbai",Maharashtra,
443,"Smt Kamla Mehta Dadar School for the Blind, Mumbai",,,"160, Dadasaheb Phalke Road, Near Tata Mill, Dadar East
Mumbai",Maharashtra,
444,"SNEHA – Society for Nutrition, Education & Health Action, Mumbai",,bhavana@snehamumbai.org,"416, Urban Health Centre, Shahunagar, Dharavi
Mumbai",Maharashtra,
445,"Sobati, Mumbai",91-98694 62438,vighodke2002@rediffmail.com,"1/1, Senanagar, Kajupada, Kurla West
Mumbai",Maharashtra,
446,"Social Service League, Mumbai",,,"Pamodar Hall Educational Campus, Mumbai
Mumbai",Maharashtra,
447,"Society for Human & Enviromental Development, Mumbai",,shedkalina@yahoo.com,"Church street, opp. st. Mary High School Santcruz
Mumbai",Maharashtra,
448,"Society for the Rehabilitation of Crippled Children, Mumbai",,,"Haji Ali Park, K Khadye Marg
Mumbai",Maharashtra,
449,"Society for Urban Slum Poor People, Mumbai",,,"Matunga Labur Camp, Near MSEB
Mumbai",Maharashtra,
450,"Society Undertaking Poor People’s Onus for Rehabilitation, Mumbai",,,"Old BMC Office 2nd Floor, Nehru Road, Vokala Market, Santacruz (E)
Mumbai",Maharashtra,
451,"Sol Youth Association, Mumbai",91-97696 61516,info@solyouth.in,"9 A Meera C.H.S. Ltd., Oshiwara, Jogeshwari(W)
Mumbai",Maharashtra,
452,"Somaiya Trust, Mumbai",91-98211 24600,premaiyer@somaiya.edu,"Mumbai
Mumbai",Maharashtra,
453,"Somta Bal Ashram Trust, Mumbai",,ha21@hotmail.com,"K-404 Sundar Nagar, Malad West
Mumbai",Maharashtra,
454,"Sounds of Silence Foundation, Mumbai",99675 77567,soundsofsilence.mum@gmail.com,"1306, Kingston A Wing, Hiranandani, Powai
Mumbai
Maharashtra
400076",Maharashtra,
455,"SRCC Centre for Child Development, Mumbai",,info@srcc.org.in,"Haji Ali Park, Mumbai
Mumbai",Maharashtra,
456,"St Catherine’s Home, Mumbai",,stcath@bol.net.in,"Veera Desai Road, Andheri (West)Mumbai",Maharashtra,
457,"Stop Child Exploitation, Navi Mumbai",,neil_eric96@yahoo.co.in,"303 Shri Arihant, Sector 16-A, VashiNavi Mumbai",Maharashtra,
458,"Stree Mukti Sanghatana, Mumbai",,,"31, Shramk, Lokmanya Tilak Colony, Rd. No.3, Dadar (E)Mumbai",Maharashtra,
459,"Streehitakarini, Mumbai",,,"Lokmanya Nagar Compound, Kakasaheb Gadgil MargMumbai",Maharashtra,
460,"Student Council & Student Help Option,Mumbai",,viz786@indiatimes.com,"Kandivali
Mumbai",Maharashtra,
461,"Sunder Seva Sanstha, Mumbai",90290 47172,tariq571982@gmail.com,"20, Papa Estate, Ausa, Suren Road, Andheri
Mumbai
Maharashtra
400062",Maharashtra,
462,"Swami Brahmanand Pratisthan, Navi Mumbai",,shirish_poojary@yahoo.com,"Nav-Shanti, Sector-8A, Plot 7, C.B.D. Konkan BhavanNavi Mumbai",Maharashtra,
463,"Swarg, Mumbai",91-99694 51541,sudaiv@mtnl.net.in,"220, V S MargMumbai",Maharashtra,
464,"Swayam Education Foundation, Mumbai",81081 54300,swayam.foundation@yahoo.com,"Dreams The Society, 1-C, 1101, Bhandup
Mumbai
Maharashtra
400078",Maharashtra,
465,"Swayam Shikshan Prayog, Mumbai",91-98214 13246,sspindia1@gmail.com,"101, 1st Floor, 76 Baptista House, Gaothan Lane 1, S.V. Road, Andheri WestMumbai",Maharashtra,
466,"Takshila Foundation, Mumbai",99692 17277,md3966604@gmail.com,"Mahatma Phule Nagar, Lokhande Marg, Chembur
Mumbai
Maharashtra
400089",Maharashtra,
467,"Tarun Foundation, Mumbai",91-80974 87231,tarunfoundation@yahoo.com,"Taga 202, Khindipada, Navjeevan Society, Nr. BMC School, Mulund-Goregaon Link Road, Mulund(W)Mumbai",Maharashtra,
468,"Tata Institute of Social Sciences, Mumbai",,director@tiss.edu,"P.O. Box 8313, Sion-Trombay Road DeonarMumbai",Maharashtra,
469,"Technology Transfer Association, Mumbai",,gharpure@bom3.vsnl.net.in,"9&10, General Assurance Building, 232, D.N. Road, FortMumbai",Maharashtra,
470,"Teresa The Ocean Of Humanity Foundation, Mumbai",90225 57873,info@tohf.foundation,"B-14, Arihant Co Ope. Housing Society, Opp. Damodarwadi Ashok Chakrvarti Road, Ashok Nagar, Kandivali
Mumbai
Maharashtra
400101",Maharashtra,
471,"The Big Gift Foundation, Mumbai",,rajanshailaja@yahoo.co.in,"B Wing 707, Vaibhav, Holy Cross Rd, Extension IC Colony, Borivali WestMumbai",Maharashtra,
472,"The Bombay Community Public Trust, Mumbai",,bcpt@vsnl.com,"Earnest House, 7th Floor, Nariman PointMumbai",Maharashtra,
473,"The Bombay Society for the Prevention of Cruelty to Animals, Mumbai",,bombaysbca@vsnl.net,"Dr. S.S. Rao Road, Next to Mahatma Gandhi Memorial Hospital Parel Mumbai",Maharashtra,
474,"The Bridge Public Charitable Trust, Mumbai",,thebridgetrust@vsnl.net,"23, Oasis, Nehru Road, VakolaMumbai",Maharashtra,
475,"The Central Society for the Education of the Deaf, Mumbai",,jimary@bom7.vsnl.net.in,"Municipal School Building, 3rd Floor, Farook Umerbhov PathMumbai",Maharashtra,
476,"The Eternal Hope Charity Mission, Navi Mumbai",,ehcm@bom7.vsnl.net.in,"Anand Van Co-op Housing Societ, F-48, First Floor, Room No. 2, Sector 4Navi Mumbai",Maharashtra,
477,"The Family Welfare Agency, Mumbai",,tfwas@yahoo.co.in,"3rd Floor, Urban Health CenterMumbai",Maharashtra,
478,"The Helen Keller Institute for Deaf & Deafblind, Mumbai",,hkidbind@bom5.vsnl.net.in,"The Helen Keller Institute for Deaf and Deafblind, Municipal Secondary School, Ground FloorMumbai",Maharashtra,
479,"The Hindu Women’s Welfare Society Shraddhanand Mahilashram, Mumbai",,,"Shraddhanand Marg, Mumbai Mumbai",Maharashtra,
480,"The Humsafar Trust, Mumbai",,humsafar@vsnl.com,"III / IV Floor, Municipal Transit BuidlingMumbai",Maharashtra,
481,"The Indian Council for Mental Health, Mumbai",,icmh1@rediffmail.com,"UPM School, 1st Khetwadi Lane, S.V.P. Road, GirgaumMumbai",Maharashtra,
482,"The Mother Teresa Memorial Social Welfare Trust, Mumbai",91-93233 90025,theteresasocialtrust@yahoo.in,"A/1 Tilakar Chawll Daravi, 90 Feat RoadMumbai",Maharashtra,
483,"The Muncherjee Nowrojee Banajee Industrial Home for the Blind, Mumbai",,,"The Muncherjee Nowrojee Banajee Industrial Home fo, 280, Swami Vivekananda RoadMumbai",Maharashtra,
484,"The NAB Workshop for the Blind, Mumbai",,,"Dr. Annie Besant Road, Opp. Passport OfficeMumbai",Maharashtra,
485,"The National Association of Disabled’s Enterprises, Mumbai",,"info@nade-india.org, nade-india@indiatimes.com","Ground Floor, Kannamwar Nagar, Municipal Marathi School No. 1Mumbai",Maharashtra,
486,"The Padmashali Education Trust, Mumbai",,info@padmashalisamaj.com,"G-16, Jumbo Darshan Society, Jiva Mahale MargMumbai",Maharashtra,
487,"The Prem Foundation, Mumbai",,,"Kabira Shop.2, Plot.134, CharkopMumbai",Maharashtra,
488,"The Research Society for the Care Treatment & Training of Children in Need, Mumbai",,res@born3.vsnl.net.in,"Sewri Hill, Opp. Abhyudaynagar, HSG.SOC.Bldg. No.12Mumbai",Maharashtra,
489,"The Samaritans, Mumbai",,smaritns@vsnl.com,"Seva Niketan 1st Floor, Sir J J Road, Byculla BridgeMumbai",Maharashtra,
490,"The Tree of Life Trust, Mumbai",91-93224 07983,ashok@treeoflifeindia.org,"RCF Colony, Type III/A/18/214, ChemburMumbai",Maharashtra,
491,"Times Foundation, Mumbai",91-98211 24600,alamelu.iyer@timesgroup.com,Mumbai Mumbai,Maharashtra,
492,"To held workshop Indian theatre, Yuvak Pratishthan, Mumbai",,yuvakp@gmailcom,"9/C, Neelam NagarMumbai",Maharashtra,
493,"Total Democracy, Mumbai",,info@pavanagarwal.com,Mumbai Mumbai,Maharashtra,
494,"TOUCH, Mumbai",,touchmission.org@gmail.com,"502, Dhruv Appartment, Asha NagarMumbai",Maharashtra,
495,"Trinity Educational Institute for Deaf, Navi Mumbai",91-98928 60625,vinu2rebecca@rediffmail.com,"Vashi, Navi MumbaiNavi Mumbai",Maharashtra,
496,"United Social Welfare Association, Mumbai",,andymgrit@gmail.com,"32 Carolyn, Bapurao Ranade RoadMumbai",Maharashtra,
497,"Urmila, Mumbai",,simran73@rediffmail.com,"03-Nov, Bhudargad SocietyMumbai",Maharashtra,
498,"Utkranti Foundation, Mumbai",91-97733 63099,utkrantifoundation@yahoo.com,"JN2/6/A-5, Mahalakshmi ApartmentMumbai",Maharashtra,
499,"V Care Foundation, Mumbai",,vgupta@powersurfer.net,"132, Maker Tower ‘A’, Cuffe ParadeMumbai",Maharashtra,
500,"VACHA, Mumbai",,shenoy_manali@rediffmail.com,"Municipal School Building, Santacruz(West),Mumbai",Maharashtra,
501,"Vatsalya Trust, Mumbai",,info@vatsalyatrust.org,"Nr. Kanjurmarg Police Station, KanjurmargMumbai",Maharashtra,
502,"Veda Foundation, Mumbai",91-98694 12311,ganesh_n_ambekar@yahoo.co.in,"422-A, Shivaji Nagar, C-H-S, N.M. Joshi Marg
Mumbai",Maharashtra,
503,"Vedant Welfare Foundation, Mumbai","91-93206 92297, 91-90043 25063",vedanthwelfarefoundation@gmail.com,"Sriram 4, Chheda Nagar, ChemburMumbai",Maharashtra,
504,"Vedh Foundation, Mumbai",,vedhfoundation@rediffmail.com,"1-A, Girdhari Sadan, Sena Bhavan Path, Dadar WestMumbai",Maharashtra,
505,"Vegan Inc, Mumbai",,vjnakoda@yahoo.com,"Nakoda Hospital, Bhayander WestMumbai",Maharashtra,
506,"Victory Arts Foundation, Mumbai",,vaf@shiamak.com,"Arch 2, Under Mahalaxmi Bridge, Off Dr.E. Moses Road, Mahalaxmi (W)Mumbai",Maharashtra,
507,"Vidya Adhar Pratishthan, Mumbai",,vidyaadharp@rediffmail.com,"63-A, Kanchanganga Housing Society, NNP No.1-2Mumbai",Maharashtra,
508,"VIDYA, Mumbai",,vidyamumbai@yahoo.com,"12, Student Activity Center, I.I.T. Bombay, PowaiMumbai",Maharashtra,
509,"Vijaydurg Charitable Trust, Mumbai",91-92207 58013,sushilefficient@gmail.com,"Om Apartment, 1st Floor, 101, R.L. Raheja MargMumbai",Maharashtra,
510,"Vikas Adhyayan Kendra, Mumbai",,vak@bom3.vsnl.net.in,"D-1, Shivdham, 62, Link RoadMumbai",Maharashtra,
511,"Vikhroli Kannada Sangha, Mumbai",,vikhroli_83@rediffmail.com,"Near Bldg. 7, Tagore NagarMumbai",Maharashtra,
512,"Visan Trust, Navi Mumbai",,dadasaheb.tandale@chembondindia.com,"E-l-71, Chembond Centre, MIDCNavi Mumbai",Maharashtra,
513,"Vishwatmak Samajik Sewa Trust, Mumbai",91-98706 87192,vishvatmakvsst@ymail.com,"3, Mahatma Gandhi Chalwl Indira Nagar, Near DharaviMumbai",Maharashtra,
514,"Vivekananda Center for Social Service, Mumbai",91-99204 06296,vivekanandacenter.socialservice@yahoo.com,"Borivali (E), MumbaiMumbai",Maharashtra,
515,"Vivekananda Pratisthan, Mumbai",,nrajul@hotmail.com,"66, Suyog ColonyMumbai",Maharashtra,
516,"Voice of People, Navi Mumbai",91-97692 46068,info@voiceofpeoplenm.com,"SSIII/48, Sector-2, VashiNavi Mumbai",Maharashtra,
517,"Watumull Foundation India, Mumbai",92235 01286,watumullfoundation@gmail.com,"5, Delstar, N. S. Patkar Marg, Kemps Corner
Mumbai
Maharashtra
400036",Maharashtra,
518,"WCRC – World Cow Resource Center, Mumbai",,info@worldcow.org,"43, Bajaj Bhawan, Nariman PointMumbai",Maharashtra,
519,"Wockhardt Foundation, Mumbai",,prao@wockhardt.com,"Wockhardt Towers, BAndhra-Kurla Complex, BAndhra EastMumbai",Maharashtra,
520,"Women’s India Trust, Mumbai",,wit@vishwa.com,"110/111 New Udyog Mandir, Moghul LaneMumbai",Maharashtra,
521,"Writers & Artists Welfare Foundation, Mumbai",91-98200 44585,thakurchawla@hotmail.com,"302, Allied Industrial Estate, Prof. Ram Panjwani Marg, Mahim (W)Mumbai",Maharashtra,
522,"YODA – Youth Organisation in Defence of Animals, Mumbai",98702 52558,poojatsakpal@gmail.com,"New Siddhivinayak, Veer Savarkar Marg, Mahim
Mumbai
Maharashtra
400016",Maharashtra,
523,"YOUNGISTAN, Mumbai",91-98927 74191,ue_umair@yahoo.in,"6A/115/314, Mahada ColonyMumbai",Maharashtra,
524,"Youth for Unity & Voluntary Action, Navi Mumbai",91-93228 94328,anil.ingle@yuvaindia.org,"23, Sector 7, KhargharNavi Mumbai",Maharashtra,
525,"Youth Legal Association, Mumbai",91-98699 15230,shrimantraje_dev@yahoo.com,"B/203, Deepratna C.H.S., Andheri(W)Mumbai",Maharashtra,
526,"Youth United Foundation, Mumbai",88795 24657,youthunitedfoundation15@gmail.com,"345, Powai Plaza, Opposite Pizza Hut, Hiranandani Gardens, Powai
Mumbai
Maharashtra
400076",Maharashtra,
527,"Yusuf Meherally Centre, Mumbai",,yusufmeherally@gmail.com,"D-15, Ganesh Prasad, Naushir Bharucha Marg, TardeoMumbai",Maharashtra,
